telefon,adresa,jmeno,email,zakaznik_type
+62-664-848-2479,295,Bea Mitchelson,bmitchelson0@prlog.org,MAL_OBCH
+62-300-123-3211,434,Merci Dorricott,mdorricott1@t-online.de,MAL_OBCH
+81-139-322-6663,281,Jacenta Brabant,jbrabant2@slideshare.net,MAL_OBCH
+234-976-308-6490,148,Lucy Iacovelli,liacovelli3@opera.com,VEL_OBCH
+62-717-542-3915,74,Emmanuel Copestick,ecopestick4@blogtalkradio.com,VEL_OBCH
+86-967-237-9735,26,Paulina Bessey,pbessey5@scientificamerican.com,MAL_OBCH
+51-512-265-6591,196,Shepherd Hurlestone,shurlestone6@google.es,MAL_OBCH
+81-532-362-4390,415,Amelita Camies,acamies7@exblog.jp,MAL_OBCH
+57-895-937-7234,498,Raychel Giampietro,rgiampietro8@nifty.com,MAL_OBCH
+380-477-181-8155,457,Gardiner Lavin,glavin9@twitpic.com,VEL_OBCH
+231-368-938-2128,284,Zollie Rucklesse,zrucklessea@gizmodo.com,VEL_OBCH
+63-109-828-3210,84,Harcourt Poundesford,hpoundesfordb@scribd.com,MAL_OBCH
+62-968-849-0242,345,Berty Tearny,btearnyc@chronoengine.com,MAL_OBCH
+62-258-745-3648,497,Ellissa Justun,ejustund@github.io,VEL_OBCH
+30-895-611-9761,234,Linell Rupel,lrupele@zimbio.com,VEL_OBCH
+62-163-284-6320,48,Arnuad Skurray,askurrayf@wordpress.org,MAL_OBCH
+255-520-780-0709,315,Rosita Skaif,rskaifg@bravesites.com,VEL_OBCH
+49-925-576-3343,383,Abbi Durning,adurningh@noaa.gov,VEL_OBCH
+1-635-652-6047,490,Bertrando Cothey,bcotheyi@pinterest.com,MAL_OBCH
+373-827-641-3443,131,Davey Giacomello,dgiacomelloj@apache.org,MAL_OBCH
+62-878-325-7382,53,Lari Gebbe,lgebbek@time.com,MAL_OBCH
+33-467-486-9289,110,Cazzie Knock,cknockl@fda.gov,MAL_OBCH
+62-394-825-8717,35,Maison Lambal,mlambalm@cam.ac.uk,MAL_OBCH
+86-376-694-4761,483,Deeyn Sember,dsembern@mlb.com,MAL_OBCH
+226-838-416-0631,12,Clim Trusslove,ctrussloveo@elegantthemes.com,VEL_OBCH
+93-325-448-0528,342,Kelby Chalmers,kchalmersp@wikispaces.com,MAL_OBCH
+62-467-200-0771,336,Hogan Cowern,hcowernq@blogtalkradio.com,MAL_OBCH
+62-279-425-8047,456,Catlee Remington,cremingtonr@myspace.com,MAL_OBCH
+7-554-334-6707,308,Hetti Teasey,hteaseys@auda.org.au,VEL_OBCH
+62-127-795-3386,438,Micheal Ledley,mledleyt@amazonaws.com,MAL_OBCH
+977-638-695-5616,279,Micaela MacCaughan,mmaccaughanu@cnbc.com,VEL_OBCH
+32-887-316-8094,88,Lorne Barts,lbartsv@slashdot.org,MAL_OBCH
+86-254-595-7661,435,Terza Chicchetto,tchicchettow@godaddy.com,MAL_OBCH
+48-127-593-9482,392,Nealson Roberson,nrobersonx@scientificamerican.com,VEL_OBCH
+63-616-919-1162,316,Gill Feldheim,gfeldheimy@infoseek.co.jp,MAL_OBCH
+62-307-209-4958,66,Brandi Barras,bbarrasz@e-recht24.de,MAL_OBCH
+57-460-561-2297,448,Roz Ruthen,rruthen10@ebay.com,VEL_OBCH
+1-828-867-8337,423,Ted Robbey,trobbey11@rediff.com,MAL_OBCH
+62-589-209-1599,229,Vic Meas,vmeas12@jiathis.com,MAL_OBCH
+86-498-715-9643,25,Bern Deackes,bdeackes13@skype.com,VEL_OBCH
+591-550-606-1538,113,Allard Lipprose,alipprose14@csmonitor.com,MAL_OBCH
+98-192-918-2259,17,Georgina Lightbowne,glightbowne15@slashdot.org,VEL_OBCH
+7-610-230-0847,450,Deeanne Courteney,dcourteney16@samsung.com,MAL_OBCH
+1-427-231-1982,462,Earl Dakers,edakers17@jimdo.com,VEL_OBCH
+92-701-200-5990,312,Roma Paolino,rpaolino18@newsvine.com,MAL_OBCH
+86-634-439-8075,346,Gawain Assandri,gassandri19@cam.ac.uk,VEL_OBCH
+351-399-540-0608,16,Smith Lamartine,slamartine1a@simplemachines.org,MAL_OBCH
+1-373-708-4691,341,Jacinthe Germaine,jgermaine1b@macromedia.com,VEL_OBCH
+86-176-365-1984,27,Lenora Hails,lhails1c@stumbleupon.com,MAL_OBCH
+62-508-710-7214,49,Mayor Arpe,marpe1d@ebay.com,VEL_OBCH
+62-568-863-6807,414,Murielle Kryszka,mkryszka1e@cyberchimps.com,VEL_OBCH
+1-842-618-2040,240,Lonee Fyndon,lfyndon1f@usa.gov,VEL_OBCH
+47-564-958-2679,415,Ignacio Goodluck,igoodluck1g@g.co,VEL_OBCH
+351-764-466-6575,426,Saw Bruneau,sbruneau1h@cnet.com,VEL_OBCH
+970-871-328-9006,282,Tina Serfati,tserfati1i@engadget.com,VEL_OBCH
+62-193-870-2057,62,Erv Elacoate,eelacoate1j@aol.com,VEL_OBCH
+63-912-312-1910,360,Ban Du Hamel,bdu1k@miibeian.gov.cn,MAL_OBCH
+1-619-323-8999,345,Bartolomeo Servante,bservante1l@hhs.gov,MAL_OBCH
+86-493-638-4779,111,Erda Drought,edrought1m@symantec.com,VEL_OBCH
+52-330-577-1217,35,Ebenezer Carcass,ecarcass1n@phpbb.com,VEL_OBCH
+7-196-504-0024,137,Elwin Cryer,ecryer1o@smugmug.com,MAL_OBCH
+7-305-971-2508,76,Keefer Mussilli,kmussilli1p@dion.ne.jp,VEL_OBCH
+57-973-237-0617,28,Cicely Ridehalgh,cridehalgh1q@tumblr.com,MAL_OBCH
+56-739-337-5493,352,Kittie Stede,kstede1r@rediff.com,MAL_OBCH
+375-848-545-4705,343,Kirbie Clee,kclee1s@hud.gov,VEL_OBCH
+86-207-935-1984,254,Virginia McQuode,vmcquode1t@bloomberg.com,VEL_OBCH
+46-439-139-6217,296,Rocky de Leon,rde1u@guardian.co.uk,VEL_OBCH
+86-536-897-6942,198,Dael Pelos,dpelos1v@accuweather.com,VEL_OBCH
+55-521-710-2860,72,Nadine Fairhall,nfairhall1w@comsenz.com,MAL_OBCH
+86-430-128-6296,158,Kat Stelle,kstelle1x@state.gov,MAL_OBCH
+51-509-901-0214,95,Maybelle Havard,mhavard1y@ox.ac.uk,VEL_OBCH
+593-302-920-5697,305,Susanna Pym,spym1z@chicagotribune.com,MAL_OBCH
+1-743-612-5268,431,Ingaborg Fain,ifain20@vk.com,MAL_OBCH
+62-505-331-5388,13,Emeline Klimke,eklimke21@rediff.com,VEL_OBCH
+976-448-137-2553,337,Jerrilyn Scroggie,jscroggie22@merriam-webster.com,MAL_OBCH
+7-496-261-6111,39,Maisie Chatel,mchatel23@virginia.edu,MAL_OBCH
+227-629-582-2956,61,Bradford Satterlee,bsatterlee24@weibo.com,MAL_OBCH
+7-971-882-0067,306,Susanetta Llewellyn,sllewellyn25@pen.io,VEL_OBCH
+507-852-995-3926,395,Herrick Braunton,hbraunton26@wordpress.org,MAL_OBCH
+358-797-769-2749,184,Sonni Treffry,streffry27@webmd.com,MAL_OBCH
+62-923-274-7216,68,Othelia Yukhtin,oyukhtin28@tuttocitta.it,VEL_OBCH
+51-966-562-3478,404,Fran Oneal,foneal29@dot.gov,MAL_OBCH
+265-565-231-4315,186,Seymour McCullen,smccullen2a@icio.us,VEL_OBCH
+62-320-591-0063,136,Diahann Dillon,ddillon2b@whitehouse.gov,VEL_OBCH
+86-857-147-5504,438,Leoline Badham,lbadham2c@dot.gov,MAL_OBCH
+267-530-277-5431,351,Vanny Ranahan,vranahan2d@washington.edu,VEL_OBCH
+86-781-520-3418,331,Red Harsnep,rharsnep2e@mlb.com,MAL_OBCH
+374-997-743-5766,106,Michele Dettmar,mdettmar2f@gmpg.org,MAL_OBCH
+502-651-436-1583,318,Jeanette Strong,jstrong2g@msn.com,MAL_OBCH
+55-903-958-3122,45,Marna Kitchingman,mkitchingman2h@webeden.co.uk,MAL_OBCH
+1-492-947-6902,347,Jard Klimus,jklimus2i@telegraph.co.uk,MAL_OBCH
+62-167-180-4870,367,Larisa Stapleton,lstapleton2j@marriott.com,VEL_OBCH
+967-511-742-9410,86,Hephzibah Halpeine,hhalpeine2k@zimbio.com,VEL_OBCH
+7-318-615-0569,262,Tanhya Crus,tcrus2l@arstechnica.com,MAL_OBCH
+86-115-660-6157,362,Lillian Petyankin,lpetyankin2m@oakley.com,MAL_OBCH
+64-676-298-3621,323,Alida Luxen,aluxen2n@tumblr.com,VEL_OBCH
+357-702-393-5201,407,Gwyneth Ping,gping2o@instagram.com,MAL_OBCH
+55-367-663-3809,95,Farlee Sewill,fsewill2p@wsj.com,VEL_OBCH
+7-995-346-3234,187,Brittni Greed,bgreed2q@globo.com,MAL_OBCH
+355-666-380-4484,52,Josepha Philcott,jphilcott2r@yellowbook.com,VEL_OBCH
+46-486-730-9528,20,Cris Lope,clope2s@simplemachines.org,MAL_OBCH
+48-443-346-9942,90,Artemas Nance,anance2t@sciencedirect.com,VEL_OBCH
+62-421-157-1163,161,Richart Ocklin,rocklin2u@taobao.com,VEL_OBCH
+506-576-227-3840,296,Kattie Jumont,kjumont2v@oaic.gov.au,MAL_OBCH
+62-834-557-1200,266,Mireille Lundon,mlundon2w@com.com,MAL_OBCH
+55-754-675-9535,257,Allegra Chastel,achastel2x@purevolume.com,MAL_OBCH
+86-526-541-6089,262,Devonne Galloway,dgalloway2y@ucla.edu,VEL_OBCH
+46-980-660-8032,354,Lynelle Traske,ltraske2z@gov.uk,MAL_OBCH
+86-374-475-4656,290,Georgena Keep,gkeep30@nbcnews.com,VEL_OBCH
+47-829-732-1888,68,Kristian Rove,krove31@microsoft.com,MAL_OBCH
+54-893-321-1414,494,Darby Pruvost,dpruvost32@irs.gov,MAL_OBCH
+55-484-917-3062,94,Hercule Leaves,hleaves33@mail.ru,MAL_OBCH
+62-856-549-0068,147,Adair Carnachen,acarnachen34@cocolog-nifty.com,VEL_OBCH
+234-206-635-0638,372,Aidan Van Der Weedenburg,avan35@narod.ru,VEL_OBCH
+55-793-412-3767,158,Nata De Andreis,nde36@google.cn,MAL_OBCH
+241-432-597-4688,37,Reine Woollam,rwoollam37@aboutads.info,VEL_OBCH
+53-235-585-5635,430,Brant Sheasby,bsheasby38@ask.com,MAL_OBCH
+46-875-678-5705,377,Hercule Devil,hdevil39@fotki.com,VEL_OBCH
+242-745-516-4152,423,Erwin Codeman,ecodeman3a@deliciousdays.com,MAL_OBCH
+31-739-159-7044,172,Matelda Gildea,mgildea3b@cnn.com,VEL_OBCH
+63-899-721-2568,422,Erek De Ath,ede3c@barnesandnoble.com,MAL_OBCH
+66-955-336-5350,168,Derrek Easun,deasun3d@addtoany.com,MAL_OBCH
+51-102-140-0808,176,Jordain Loosmore,jloosmore3e@pinterest.com,VEL_OBCH
+86-908-492-5970,90,Merrick Ride,mride3f@imageshack.us,MAL_OBCH
+62-180-406-6305,352,Mack Gavagan,mgavagan3g@163.com,VEL_OBCH
+244-720-343-3234,416,Nikaniki Balcers,nbalcers3h@washington.edu,VEL_OBCH
+235-707-138-1111,341,Emlen Dominik,edominik3i@mapquest.com,VEL_OBCH
+62-992-669-6064,388,Frederico Varnals,fvarnals3j@freewebs.com,VEL_OBCH
+351-931-682-2936,45,Marji Keaveney,mkeaveney3k@fc2.com,MAL_OBCH
+420-716-957-9538,221,Berry Acedo,bacedo3l@digg.com,VEL_OBCH
+55-691-120-7604,212,Pip Giacopazzi,pgiacopazzi3m@earthlink.net,MAL_OBCH
+52-971-594-9770,114,Prent Shillom,pshillom3n@com.com,VEL_OBCH
+269-382-161-5016,457,Wendall Merrien,wmerrien3o@va.gov,MAL_OBCH
+850-549-378-4289,72,Beulah Jervoise,bjervoise3p@163.com,MAL_OBCH
+86-917-198-5208,277,Elwyn Duguid,eduguid3q@washington.edu,VEL_OBCH
+62-800-913-8686,218,Kesley Kalderon,kkalderon3r@disqus.com,VEL_OBCH
+86-183-673-2460,301,Cody Lednor,clednor3s@cnet.com,MAL_OBCH
+86-501-713-2399,488,Marlene Huard,mhuard3t@tumblr.com,MAL_OBCH
+52-987-809-9952,5,Margie Aulton,maulton3u@independent.co.uk,MAL_OBCH
+51-889-811-7444,389,Gar Christauffour,gchristauffour3v@phpbb.com,MAL_OBCH
+63-978-908-3454,252,Cristionna Ramble,cramble3w@zdnet.com,MAL_OBCH
+98-878-666-0131,168,Olly Bradmore,obradmore3x@statcounter.com,MAL_OBCH
+48-683-598-7496,20,Huberto Bayford,hbayford3y@bandcamp.com,VEL_OBCH
+62-107-442-7067,413,Jordan McGillivray,jmcgillivray3z@fema.gov,VEL_OBCH
+47-439-756-4889,226,Dennis Scantlebury,dscantlebury40@umn.edu,VEL_OBCH
+62-722-965-3255,348,Raynard Wannell,rwannell41@discuz.net,MAL_OBCH
+63-406-367-4964,405,Mic Seabrook,mseabrook42@shinystat.com,MAL_OBCH
+62-346-929-7342,242,Dulcie Gettone,dgettone43@de.vu,MAL_OBCH
+7-797-786-8947,236,Sharia Chong,schong44@seattletimes.com,MAL_OBCH
+86-920-680-4587,64,Nikolai Kinglesyd,nkinglesyd45@wisc.edu,MAL_OBCH
+46-679-414-1534,51,Aila Sigmund,asigmund46@forbes.com,VEL_OBCH
+86-721-743-9385,436,Flory Ajam,fajam47@ocn.ne.jp,MAL_OBCH
+86-403-844-3946,172,Johannes Upsale,jupsale48@about.me,VEL_OBCH
+63-510-598-6563,356,Rayna Brecken,rbrecken49@hexun.com,MAL_OBCH
+234-495-257-1559,39,Manon Tuckley,mtuckley4a@tuttocitta.it,MAL_OBCH
+93-392-753-8080,38,May Polak,mpolak4b@wikia.com,MAL_OBCH
+52-257-562-9289,199,Ivie Storry,istorry4c@digg.com,VEL_OBCH
+381-470-538-5595,478,Kaela Clappison,kclappison4d@toplist.cz,VEL_OBCH
+86-400-888-0155,500,Jervis Thamelt,jthamelt4e@over-blog.com,MAL_OBCH
+86-752-387-1571,254,Nanette Lodder,nlodder4f@walmart.com,MAL_OBCH
+7-705-530-0060,444,Oliviero Virgoe,ovirgoe4g@deviantart.com,VEL_OBCH
+63-155-780-6573,178,Cinnamon Lohrensen,clohrensen4h@discovery.com,VEL_OBCH
+86-333-997-2186,130,Honey Hedges,hhedges4i@imdb.com,VEL_OBCH
+353-933-626-1805,66,Nanni Joseland,njoseland4j@latimes.com,MAL_OBCH
+7-665-358-1486,396,Leroi Heningham,lheningham4k@multiply.com,MAL_OBCH
+62-204-654-6790,267,Kirsti Nuzzetti,knuzzetti4l@mapy.cz,MAL_OBCH
+48-544-805-1382,246,Mahmud Brasier,mbrasier4m@quantcast.com,MAL_OBCH
+255-142-600-3324,363,Staford Becaris,sbecaris4n@g.co,MAL_OBCH
+51-533-759-3168,201,Odey Craydon,ocraydon4o@live.com,VEL_OBCH
+63-940-346-0049,13,Vinita Lean,vlean4p@businessinsider.com,MAL_OBCH
+1-352-623-1449,123,Germain Hodcroft,ghodcroft4q@ihg.com,VEL_OBCH
+86-516-776-3392,165,Kevon Loughney,kloughney4r@spotify.com,MAL_OBCH
+355-183-189-5890,325,Corene Dundridge,cdundridge4s@ask.com,VEL_OBCH
+62-496-203-8594,26,Bonnee Doram,bdoram4t@blogspot.com,VEL_OBCH
+380-348-496-8886,491,Adolphus Coupe,acoupe4u@booking.com,VEL_OBCH
+98-326-411-2483,500,Isadora Nield,inield4v@youtu.be,VEL_OBCH
+52-664-628-4583,409,Noe Iddons,niddons4w@google.fr,MAL_OBCH
+86-788-427-9597,210,Logan Ritch,lritch4x@businessweek.com,MAL_OBCH
+420-590-606-3928,308,Siouxie Ridgley,sridgley4y@senate.gov,VEL_OBCH
+31-495-230-1983,38,Eden Creavan,ecreavan4z@cnn.com,VEL_OBCH
+63-853-671-2435,336,Dell Andreone,dandreone50@tuttocitta.it,VEL_OBCH
+86-262-203-7026,186,Hersh Itzkov,hitzkov51@google.pl,VEL_OBCH
+62-710-688-3379,351,Vittoria Baumann,vbaumann52@blogtalkradio.com,VEL_OBCH
+48-709-365-1243,287,Brand Merck,bmerck53@amazon.de,MAL_OBCH
+86-884-196-4718,75,Jerrilyn Searles,jsearles54@cafepress.com,VEL_OBCH
+55-500-305-1900,47,Raphaela Rolland,rrolland55@microsoft.com,MAL_OBCH
+386-146-543-4147,224,Buddie Tivolier,btivolier56@edublogs.org,VEL_OBCH
+351-232-200-2656,72,Gottfried Braidley,gbraidley57@ox.ac.uk,VEL_OBCH
+66-455-626-8631,363,Deloria Stille,dstille58@omniture.com,VEL_OBCH
+86-208-941-0292,310,Ike Rawlings,irawlings59@reuters.com,MAL_OBCH
+7-506-835-5346,455,Halie Lory,hlory5a@deliciousdays.com,VEL_OBCH
+504-949-127-8404,329,Meredithe Boyles,mboyles5b@oaic.gov.au,VEL_OBCH
+86-653-107-3379,294,Melony Manuello,mmanuello5c@xinhuanet.com,MAL_OBCH
+62-327-807-8437,332,Niki Ramshay,nramshay5d@gmpg.org,MAL_OBCH
+62-641-772-8801,137,Alfred Lawrence,alawrence5e@harvard.edu,VEL_OBCH
+964-325-328-5616,420,Tyler Dener,tdener5f@zdnet.com,VEL_OBCH
+86-225-235-5750,251,Christophe Clarridge,cclarridge5g@pinterest.com,MAL_OBCH
+51-740-375-3177,46,Oberon Gockelen,ogockelen5h@amazon.de,MAL_OBCH
+86-547-667-3370,317,Ellen Dungate,edungate5i@epa.gov,MAL_OBCH
+7-145-649-6550,321,Garnette Hitscher,ghitscher5j@biblegateway.com,MAL_OBCH
+44-597-118-9467,212,Pammy Tremble,ptremble5k@jigsy.com,VEL_OBCH
+51-496-440-9325,121,Leigha Girdlestone,lgirdlestone5l@nytimes.com,VEL_OBCH
+62-910-806-2026,84,Caron Stuckford,cstuckford5m@squarespace.com,MAL_OBCH
+49-621-965-0270,136,Buckie Custard,bcustard5n@gizmodo.com,MAL_OBCH
+420-201-721-8075,21,Andreana Aarons,aaarons5o@t.co,VEL_OBCH
+63-706-460-7289,362,Burk Loosely,bloosely5p@google.com.hk,MAL_OBCH
+86-788-927-2842,221,Teddie Swinnerton,tswinnerton5q@cocolog-nifty.com,MAL_OBCH
+66-212-959-3238,159,Shela McBryde,smcbryde5r@goo.gl,VEL_OBCH
+62-969-585-4534,36,Vivianne Gostage,vgostage5s@sphinn.com,MAL_OBCH
+86-518-494-8113,382,Joella Chamberlain,jchamberlain5t@mashable.com,VEL_OBCH
+86-777-908-6084,126,Shae Kloss,skloss5u@opera.com,MAL_OBCH
+33-794-502-7483,480,Reed Toombes,rtoombes5v@webeden.co.uk,VEL_OBCH
+86-400-430-2125,13,Cecil Hawney,chawney5w@forbes.com,VEL_OBCH
+86-282-850-2632,114,Cyrillus Humbell,chumbell5x@abc.net.au,MAL_OBCH
+62-320-400-4857,342,Codi Cawley,ccawley5y@tmall.com,MAL_OBCH
+7-992-468-8766,57,Meghann Creese,mcreese5z@umich.edu,MAL_OBCH
+967-406-174-5974,318,Archibold Tidman,atidman60@live.com,MAL_OBCH
+7-843-965-2157,140,Keriann Laurence,klaurence61@wikipedia.org,MAL_OBCH
+62-773-769-3654,191,Aymer Pottberry,apottberry62@hhs.gov,MAL_OBCH
+62-539-216-2786,259,Carl Niland,cniland63@about.me,VEL_OBCH
+47-880-119-1883,165,Eldridge Natt,enatt64@nbcnews.com,MAL_OBCH
+33-971-979-8073,162,Timoteo Geaney,tgeaney65@aol.com,MAL_OBCH
+86-690-398-6007,291,Kriste Pennuzzi,kpennuzzi66@seattletimes.com,MAL_OBCH
+1-513-125-9176,44,Luke Wellman,lwellman67@ezinearticles.com,MAL_OBCH
+66-557-406-3942,231,Glynnis Keston,gkeston68@netscape.com,MAL_OBCH
+62-562-307-0972,173,Lydia Jimenez,ljimenez69@wp.com,MAL_OBCH
+256-866-813-1307,417,Carlynn Van Arsdale,cvan6a@icio.us,VEL_OBCH
+351-590-386-0627,167,Trixy Linsley,tlinsley6b@webs.com,MAL_OBCH
+44-230-204-3768,441,Truman Swannick,tswannick6c@hibu.com,VEL_OBCH
+351-991-852-3371,373,Vilma Haddock,vhaddock6d@japanpost.jp,MAL_OBCH
+62-783-775-6983,390,Claudelle Doel,cdoel6e@webeden.co.uk,VEL_OBCH
+86-883-673-9696,378,Waneta Abry,wabry6f@hostgator.com,MAL_OBCH
+86-594-675-1456,116,Penn Roelofsen,proelofsen6g@hexun.com,MAL_OBCH
+383-268-788-6259,355,Bartolomeo Spiaggia,bspiaggia6h@sphinn.com,VEL_OBCH
+591-212-937-8730,20,Penny Crunden,pcrunden6i@hibu.com,VEL_OBCH
+33-880-177-4109,425,Ulrikaumeko Selesnick,uselesnick6j@comcast.net,MAL_OBCH
+82-922-920-7206,102,Connie Drillingcourt,cdrillingcourt6k@imgur.com,MAL_OBCH
+33-296-587-8596,305,Wynnie Mettricke,wmettricke6l@amazon.com,VEL_OBCH
+92-600-617-2825,160,Phillip Brand-Hardy,pbrandhardy6m@storify.com,VEL_OBCH
+351-745-538-9628,344,Fritz MacDearmaid,fmacdearmaid6n@scribd.com,MAL_OBCH
+7-166-610-9212,316,Agna Haysar,ahaysar6o@google.com,MAL_OBCH
+33-356-768-0587,57,Sherwin Scutter,sscutter6p@squidoo.com,VEL_OBCH
+98-517-693-0840,106,Bertram Checcuzzi,bcheccuzzi6q@facebook.com,MAL_OBCH
+86-880-165-5290,238,Joyan Box,jbox6r@oakley.com,VEL_OBCH
+48-168-152-7573,122,Garrot Philippault,gphilippault6s@abc.net.au,MAL_OBCH
+420-942-164-0366,121,Cati Steffan,csteffan6t@g.co,VEL_OBCH
+32-213-804-1387,114,Shanie Zebedee,szebedee6u@alexa.com,MAL_OBCH
+51-888-429-3495,171,Augusta Dinneges,adinneges6v@ocn.ne.jp,MAL_OBCH
+46-440-509-6588,287,Lebbie Heikkinen,lheikkinen6w@google.de,MAL_OBCH
+46-260-105-6981,328,Hew Carver,hcarver6x@amazon.co.jp,VEL_OBCH
+227-711-764-8680,127,Noby Skett,nskett6y@foxnews.com,MAL_OBCH
+965-330-603-0568,494,Anica Leatt,aleatt6z@about.me,MAL_OBCH
+370-552-287-3740,96,Laurianne Walkey,lwalkey70@disqus.com,VEL_OBCH
+86-100-918-4504,233,Orel Pidgley,opidgley71@earthlink.net,MAL_OBCH
+86-935-172-3043,410,Barbie Gawthorpe,bgawthorpe72@multiply.com,VEL_OBCH
+86-221-910-3484,98,Amble Wands,awands73@opera.com,VEL_OBCH
+48-927-199-4890,310,Eugene Zamora,ezamora74@sina.com.cn,MAL_OBCH
+92-723-575-3649,393,Tallulah Okroy,tokroy75@blinklist.com,MAL_OBCH
+86-766-160-6291,123,Olly Spaduzza,ospaduzza76@odnoklassniki.ru,MAL_OBCH
+7-536-274-4662,298,Thain Antonioni,tantonioni77@imgur.com,MAL_OBCH
+48-358-865-4641,449,Jeni Koopman,jkoopman78@nydailynews.com,VEL_OBCH
+86-247-217-9861,367,Averil Eaden,aeaden79@cdc.gov,VEL_OBCH
+51-112-529-0230,294,Blake Antoszczyk,bantoszczyk7a@ning.com,VEL_OBCH
+86-824-710-0473,260,Florry Riditch,friditch7b@scientificamerican.com,VEL_OBCH
+86-300-627-5339,41,Cirstoforo Guillard,cguillard7c@artisteer.com,VEL_OBCH
+49-594-426-8939,390,Berkley Wontner,bwontner7d@mail.ru,VEL_OBCH
+63-314-141-4027,146,Edik Finicj,efinicj7e@yolasite.com,VEL_OBCH
+86-420-297-3974,163,Irina Le Count,ile7f@dyndns.org,VEL_OBCH
+63-872-661-0918,76,Cobby Halleday,challeday7g@mac.com,VEL_OBCH
+55-477-145-1285,45,Omero Brackenridge,obrackenridge7h@omniture.com,MAL_OBCH
+86-535-970-7381,365,Currie Stopp,cstopp7i@1und1.de,MAL_OBCH
+7-879-960-2647,217,Koralle Strauss,kstrauss7j@ebay.co.uk,MAL_OBCH
+55-680-761-9667,166,Jourdan Croux,jcroux7k@mapquest.com,VEL_OBCH
+52-889-593-0152,176,Wilburt Johnston,wjohnston7l@exblog.jp,VEL_OBCH
+86-561-665-7645,320,Kym Edling,kedling7m@de.vu,VEL_OBCH
+420-826-738-5181,421,Ilse Kulas,ikulas7n@blogtalkradio.com,VEL_OBCH
+84-984-904-8498,316,Theo Jervoise,tjervoise7o@youku.com,MAL_OBCH
+86-422-435-1594,203,Aggy Attew,aattew7p@accuweather.com,VEL_OBCH
+86-380-850-1436,422,Valaria Straffon,vstraffon7q@gizmodo.com,VEL_OBCH
+7-855-870-2532,293,Stanislas Blucher,sblucher7r@squarespace.com,MAL_OBCH
+62-389-961-8590,33,Alverta Smaleman,asmaleman7s@printfriendly.com,VEL_OBCH
+60-232-976-9619,485,Bryon Franzke,bfranzke7t@geocities.com,VEL_OBCH
+62-982-226-7759,159,Jackelyn Coggin,jcoggin7u@cocolog-nifty.com,VEL_OBCH
+48-193-793-5993,372,Betteanne MacNeil,bmacneil7v@mozilla.org,MAL_OBCH
+62-473-914-0655,13,Aurelea Coleford,acoleford7w@rambler.ru,MAL_OBCH
+86-114-345-5511,442,Theresa Ashborn,tashborn7x@mail.ru,MAL_OBCH
+48-994-893-3741,200,Lonnie Sproston,lsproston7y@seattletimes.com,VEL_OBCH
+63-468-699-0292,315,Phillida Mussolini,pmussolini7z@disqus.com,VEL_OBCH
+46-439-142-6570,439,Iorgos Kernley,ikernley80@tmall.com,VEL_OBCH
+63-662-740-6374,71,Barde Hannen,bhannen81@toplist.cz,VEL_OBCH
+86-448-916-6008,384,Alf Hearse,ahearse82@mozilla.org,MAL_OBCH
+54-890-306-8873,300,Karita Vannah,kvannah83@upenn.edu,MAL_OBCH
+62-643-184-7733,309,Elyse Leneve,eleneve84@marriott.com,MAL_OBCH
+62-438-912-1400,192,Madel Loughney,mloughney85@smh.com.au,MAL_OBCH
+62-669-856-9134,248,Sydelle Kimbury,skimbury86@topsy.com,VEL_OBCH
+7-423-810-0682,20,Aveline Orviss,aorviss87@paypal.com,MAL_OBCH
+86-606-242-4995,72,Odetta Challes,ochalles88@dion.ne.jp,MAL_OBCH
+998-450-856-5173,353,Fraze Sanchez,fsanchez89@umn.edu,MAL_OBCH
+62-221-117-4031,388,Kare Stubbings,kstubbings8a@narod.ru,MAL_OBCH
+385-488-333-2233,277,Jermaine Allwood,jallwood8b@washingtonpost.com,MAL_OBCH
+48-618-350-6370,147,Ferris Konertz,fkonertz8c@ebay.co.uk,MAL_OBCH
+351-313-391-8040,491,Malchy Hacksby,mhacksby8d@yandex.ru,MAL_OBCH
+502-847-159-8830,93,Pauly Isaksen,pisaksen8e@ox.ac.uk,VEL_OBCH
+55-504-558-0774,458,Isaak Manktelow,imanktelow8f@si.edu,MAL_OBCH
+62-596-681-2811,73,Brynne Maven,bmaven8g@mapy.cz,VEL_OBCH
+81-225-573-9286,127,Conroy Elwel,celwel8h@acquirethisname.com,MAL_OBCH
+1-205-225-4474,372,Berkie Millwall,bmillwall8i@scientificamerican.com,VEL_OBCH
+1-221-302-7663,186,Ag Durrans,adurrans8j@springer.com,MAL_OBCH
+81-220-451-3529,342,Wynn De Simone,wde8k@liveinternet.ru,MAL_OBCH
+54-503-802-6243,435,Karrah Pilbury,kpilbury8l@europa.eu,MAL_OBCH
+46-629-131-0984,62,Vale Grinikhin,vgrinikhin8m@virginia.edu,VEL_OBCH
+62-900-422-5582,295,Chandler Dmitrievski,cdmitrievski8n@bing.com,VEL_OBCH
+81-497-346-6190,427,Anna-diane Petronis,apetronis8o@unesco.org,VEL_OBCH
+57-485-693-4634,398,Justin Pordall,jpordall8p@youku.com,VEL_OBCH
+86-989-931-3318,296,Hartwell Moorerud,hmoorerud8q@fotki.com,VEL_OBCH
+505-996-877-9369,204,Adan Prendergrast,aprendergrast8r@businessinsider.com,VEL_OBCH
+380-648-880-6197,246,Yolanda Bullough,ybullough8s@earthlink.net,MAL_OBCH
+31-422-858-9873,55,Conchita Kingsnoad,ckingsnoad8t@sina.com.cn,VEL_OBCH
+853-621-555-6899,285,Cammi McSporrin,cmcsporrin8u@wikimedia.org,MAL_OBCH
+1-728-381-4232,317,Carmine Barbery,cbarbery8v@xinhuanet.com,VEL_OBCH
+420-628-379-1898,12,Jorrie Hothersall,jhothersall8w@exblog.jp,MAL_OBCH
+63-406-818-7456,481,Wilhelm Lenham,wlenham8x@uiuc.edu,VEL_OBCH
+86-578-953-6707,380,Brittni Duer,bduer8y@google.fr,VEL_OBCH
+502-132-591-8315,486,Marya Solesbury,msolesbury8z@icio.us,MAL_OBCH
+86-165-168-8567,27,Rosita Windibank,rwindibank90@ehow.com,MAL_OBCH
+31-700-164-6676,269,Paten Posvner,pposvner91@opensource.org,VEL_OBCH
+86-875-706-4262,438,Eada d' Elboux,ed92@shareasale.com,VEL_OBCH
+977-637-264-4020,368,Yorgos McNiff,ymcniff93@a8.net,MAL_OBCH
+351-187-640-4774,69,Ralph Herculeson,rherculeson94@opera.com,VEL_OBCH
+1-574-917-3994,129,Ingaberg Etchingham,ietchingham95@1688.com,MAL_OBCH
+62-192-404-6623,71,Renato Averay,raveray96@youtube.com,MAL_OBCH
+63-369-992-0052,21,Natalya Maxworthy,nmaxworthy97@google.fr,MAL_OBCH
+61-872-831-0997,239,Dominik Hackney,dhackney98@imageshack.us,MAL_OBCH
+86-394-852-6508,429,Wilmer Youle,wyoule99@seesaa.net,VEL_OBCH
+351-674-333-2071,24,Korney Bontoft,kbontoft9a@nsw.gov.au,VEL_OBCH
+94-656-260-3628,423,Ysabel Penni,ypenni9b@webmd.com,MAL_OBCH
+970-311-733-0225,422,Zackariah Gianullo,zgianullo9c@state.tx.us,VEL_OBCH
+351-914-459-7084,205,Tine Ellum,tellum9d@studiopress.com,VEL_OBCH
+374-492-636-7518,83,Marta McGloughlin,mmcgloughlin9e@jimdo.com,MAL_OBCH
+62-315-998-7019,459,Bo Avrasin,bavrasin9f@elpais.com,VEL_OBCH
+386-553-875-4877,462,Virge Bywaters,vbywaters9g@globo.com,VEL_OBCH
+48-932-454-7711,66,Letizia Schoenleiter,lschoenleiter9h@themeforest.net,VEL_OBCH
+1-718-227-7273,280,Meade Sprowson,msprowson9i@networkadvertising.org,VEL_OBCH
+48-481-262-7872,320,Fancy Zapatero,fzapatero9j@usnews.com,MAL_OBCH
+51-239-371-5294,195,Glory Rainon,grainon9k@drupal.org,MAL_OBCH
+420-841-757-3269,35,Marla Guppie,mguppie9l@amazonaws.com,MAL_OBCH
+356-692-246-1946,198,Bette-ann Benediktsson,bbenediktsson9m@rakuten.co.jp,MAL_OBCH
+502-172-286-1413,3,Chip Sherrock,csherrock9n@theatlantic.com,VEL_OBCH
+86-779-855-0064,142,Debbi Winwright,dwinwright9o@github.io,MAL_OBCH
+30-453-521-8167,72,Jacinthe Habben,jhabben9p@ask.com,VEL_OBCH
+380-177-426-1052,211,Anica Tamblyn,atamblyn9q@cam.ac.uk,MAL_OBCH
+33-135-266-2963,390,Caddric Niese,cniese9r@quantcast.com,MAL_OBCH
+596-453-589-7155,187,Basilio Vinker,bvinker9s@ocn.ne.jp,MAL_OBCH
+47-742-117-3462,462,Concordia McLellan,cmclellan9t@npr.org,VEL_OBCH
+387-464-486-3049,215,Rozalie Duigenan,rduigenan9u@adobe.com,MAL_OBCH
+355-906-179-9522,473,Angela Varga,avarga9v@ow.ly,MAL_OBCH
+86-895-411-3910,222,Humfrid Giacobillo,hgiacobillo9w@princeton.edu,MAL_OBCH
+86-552-601-6032,349,Pebrook Doerren,pdoerren9x@yellowbook.com,VEL_OBCH
+1-202-793-5413,222,George Kennaird,gkennaird9y@i2i.jp,VEL_OBCH
+63-460-228-3001,458,Leighton Sandyfirth,lsandyfirth9z@comsenz.com,MAL_OBCH
+46-386-737-7209,33,Cecile Rait,craita0@gmpg.org,VEL_OBCH
+55-774-172-9799,250,Brynne Goch,bgocha1@google.it,VEL_OBCH
+55-768-200-4389,269,Bria Minchindon,bminchindona2@cocolog-nifty.com,MAL_OBCH
+212-724-909-6010,311,Elfreda Brennand,ebrennanda3@sourceforge.net,MAL_OBCH
+7-389-859-3848,302,Sonni Coom,scooma4@comsenz.com,MAL_OBCH
+31-439-528-9077,414,Eda Gridon,egridona5@github.com,VEL_OBCH
+420-815-641-6209,249,Guido Gillings,ggillingsa6@imdb.com,MAL_OBCH
+33-965-523-6627,289,Tulley Corkish,tcorkisha7@redcross.org,MAL_OBCH
+86-941-217-8854,12,Niko Congreve,ncongrevea8@guardian.co.uk,VEL_OBCH
+31-390-875-4679,71,Lorne Hadaway,lhadawaya9@jiathis.com,MAL_OBCH
+255-797-960-8603,396,Job Timberlake,jtimberlakeaa@timesonline.co.uk,VEL_OBCH
+63-959-220-8333,468,Gerda Waller-Bridge,gwallerbridgeab@ftc.gov,VEL_OBCH
+66-332-523-0031,323,Jacquie Hanniger,jhannigerac@mozilla.org,MAL_OBCH
+82-345-253-9514,263,Neil Dielhenn,ndielhennad@com.com,VEL_OBCH
+86-546-725-5340,150,Brynn Hurne,bhurneae@scribd.com,MAL_OBCH
+351-236-478-3273,23,Bordie Frontczak,bfrontczakaf@independent.co.uk,MAL_OBCH
+7-850-837-5433,127,Conroy MacFaell,cmacfaellag@skyrock.com,VEL_OBCH
+856-117-766-3653,64,Jennifer Bourbon,jbourbonah@si.edu,MAL_OBCH
+54-676-152-9396,413,Zolly Veldman,zveldmanai@surveymonkey.com,MAL_OBCH
+54-318-439-5140,24,Cully Guyon,cguyonaj@bigcartel.com,MAL_OBCH
+62-179-798-3176,77,Mitchael MacVay,mmacvayak@tumblr.com,MAL_OBCH
+86-440-631-0734,103,Shir While,swhileal@google.de,VEL_OBCH
+66-762-528-5634,354,Nichole Dooney,ndooneyam@studiopress.com,MAL_OBCH
+92-624-113-3336,307,Merissa Pipkin,mpipkinan@vinaora.com,MAL_OBCH
+46-721-267-5055,126,Raynell Duigenan,rduigenanao@desdev.cn,VEL_OBCH
+254-676-243-4789,479,Padget Rotherforth,protherforthap@vinaora.com,VEL_OBCH
+86-179-710-1254,189,Dillon Hawton,dhawtonaq@oracle.com,VEL_OBCH
+1-516-250-6531,54,Trenna Izzat,tizzatar@a8.net,MAL_OBCH
+86-853-523-5476,428,Clive Solloway,csollowayas@theatlantic.com,VEL_OBCH
+62-538-906-3375,247,Isabeau Redihough,iredihoughat@drupal.org,VEL_OBCH
+58-574-312-9172,332,Wendy Jeannequin,wjeannequinau@yellowbook.com,VEL_OBCH
+62-346-229-0997,82,Calypso Archard,carchardav@hc360.com,VEL_OBCH
+1-423-331-4477,270,Alissa Di Meo,adiaw@reference.com,VEL_OBCH
+51-187-958-3918,324,Estrellita Yetman,eyetmanax@va.gov,VEL_OBCH
+386-113-806-7863,159,Welby Anten,wantenay@independent.co.uk,VEL_OBCH
+51-471-956-1102,49,Adelaide Kampshell,akampshellaz@cam.ac.uk,VEL_OBCH
+1-512-823-0389,246,Lesly Shalloo,lshalloob0@google.nl,MAL_OBCH
+420-619-800-5824,458,Gustaf Skacel,gskacelb1@dailymotion.com,MAL_OBCH
+63-562-617-2640,43,Kit Scarf,kscarfb2@weebly.com,MAL_OBCH
+86-832-661-0035,358,Rochelle Limrick,rlimrickb3@columbia.edu,VEL_OBCH
