osobni_cislo,jmeno,sidlo
33-4678577,Pavel Novak,9
51-8434723,Jan Novak,8
34-0619490,Petr Parler,9
00-0088665,Jakub Alliband,7
38-7152797,Avie Baulch,9
27-3931831,Amalia Gutsell,7
06-7333384,Kerwinn Cordeau],5
52-1823597,Joana Bunker,6
43-3991393,Jonathan Siddell,9
61-7179087,Vivyan Kellick,4
27-4928554,Marna Josefer,6
32-4411657,Brittani Brosch,8
93-1147443,Nikolos Belli,6
11-2111425,Whitman Koop,8
57-0465805,Gilly O'Halloran,4
07-3671494,Norine Mariaud,5
70-4111171,Waiter Quarrie,4
59-9410504,Adeline Ounsworth,8
64-3622393,Broddy Stops,4
67-1666599,Shurlocke Duckett,5
25-2012725,Cord Hansford,3
08-3634967,Worthington Roistone,3
74-5151166,Tam Yekel,8
27-4624144,Dean Mansbridge,5
39-8030388,Meagan Gosney,4
44-6077111,Adolphus Threlfall,3
05-0928245,Zaneta Rantoul,10
31-3463832,Beilul Ragge,4
84-2928562,Margalit Gittus,9
57-8042500,Friederike Yankishin,5
61-0219983,Ingram Oak,7
47-6140050,York Mowbray,2
62-3093755,Michale Lifsey,10
01-4164337,Binnie Cocher,9
97-3717509,Duky Yates,6
44-3022966,Alexine Hincks,6
36-2380299,Blinny Parley,1
39-6676415,Dyanne Nowak,8
23-9338327,Sigfrid Ryder,3
01-2023228,Michele Muriel,7
65-4482821,Gennie Myers,7
05-0711310,Constantino Eilert,2
33-7753432,Jasmin Cazin,7
46-1067580,Barri Benois,5
03-3073425,Lurlene Cersey,2
91-5975107,Lauren Gantzman,3
59-7344883,Michaelina Shrive,6
19-5085059,Derrek Burberow,10
89-7148853,Junie Cammidge,7
68-5634104,Lukas Gotthard,10
13-4554584,Lion Insall,5
00-9797203,Wally Reynard,7
71-2018533,Adara Cruess,8
68-3816395,Cecilio Halliwell,9
73-3530094,Jaymie Mayhead,9
82-8083370,Essy Killelea,10
41-9422960,Claude Thyer,5
01-4918375,Tonia Hasley,9
43-3251108,Don Ollis,3
84-4238179,Ivor Routhorn,4
80-4532943,Cecil Vanshin,8
10-6217335,Garnette Rapelli,3
63-9605554,Pierre Reppaport,1
95-4009500,Windham Cheatle,9
46-4941855,Keeley Stockton,3
16-1994573,Adiana Crews,6
59-8918750,Dehlia Titta,6
76-2879116,Lula Woolgar,10
76-9906458,Terri-jo Harbron,9
49-3499074,Cacilie Farman,7
22-2522369,Pammie Janaway,9
97-6218743,Gwenneth Naire,2
50-8211147,Rafaello Gormally,6
60-6662497,Merry Sargent,6
37-2750005,Tilda Zanolli,3
32-8480560,Latisha Guice,7
50-7138528,Ilaire Housecraft,7
22-5215856,Bella Camelli,7
74-2870254,Priscella Ixer,8
92-6137011,Trumann Gebbie,7
40-9236059,Yasmin Smeuin,5
90-9782688,Cortie Slatford,2
25-4136629,Ernst Philpault,6
21-1391039,Elladine Spillett,4
70-2749579,Mathe Gurr,7
52-6179366,Monty Pieter,6
28-3434119,Barnie Deshorts,6
37-4769035,Braden Faiers,8
83-6734895,Evelyn Sacaze,4
18-1041101,Sigfried Driscoll,1
61-5236730,Ashley Norker,1
53-3071697,Quinn Goodanew,2
56-1343174,Ilene Jarrel,5
26-9908283,Goldina Kwiek,7
90-8942020,Remy How,3
14-4344289,Fidelia Kuschel,8
65-5907816,Brooke Grove,9
62-7796202,Hirsch Blondell,9
85-0908644,Jacquelynn Alderson,7
31-6603403,Adelina Medley,9
38-1403433,Lari Menhenitt,10
51-0463476,Neila Dorricott,8
74-6549939,Susann Webburn,8
62-9783332,Launce Esser,9
13-6403113,Rubi Vala,3
94-1922508,Serge Kohnemann,8
39-5448075,Catherina O'Dee,7
84-3353661,Ede O' Cuolahan,5
74-1522398,Toddie Tibbles,6
93-9352013,Jammal Rookesby,2
90-4157656,Letty Rodenhurst,6
07-5919667,Reggy Riepl,5
10-2975726,Denni Moneti,7
22-6614739,Antonina Silverston,5
95-4510509,Sebastian Liston,9
87-7259840,Alf McGovern,6
37-4043881,Rouvin Keaysell,6
98-8530286,Manon Stoffers,3
05-2210536,Hieronymus Aucutt,5
35-1536036,Natty Fountain,5
43-8382059,Emanuele Parsons,5
92-7455206,Stephani Blundell,5
70-3906219,Baryram Sparwell,10
90-3322868,Kyla Traher,3
00-9604562,Holmes Odam,6
80-7975053,Gustie Galiford,9
36-4805380,Randie Lewsley,2
97-9685446,Tirrell Kerfut,7
96-2773311,Diann McMurdo,10
29-1141353,Gian Phaup,6
33-4473540,Brantley Springtorpe,10
00-6153824,Rina Halden,5
03-8584774,Eryn Pickover,1
27-2395950,Zondra Clayhill,7
72-4700193,Bunnie Retallick,6
24-9331088,Pierette Chatwood,8
76-3339180,Mae Barwis,7
84-6004903,Aryn Jayme,1
74-9164603,Marjy La Vigne,1
85-1846051,Bryan McEttigen,8
38-6187716,Alleyn Cardoe,4
36-2778983,Ashby Cano,9
49-5969371,Berrie Brundle,8
82-8303907,Ivette Roddick,6
06-5360344,Pietra Dulany,4
80-4264785,Cindi Brose,1
48-6615218,Margaretta Everall,2
10-8732585,Sarette Binnall,9
16-6573865,Sax Edelman,1
81-5845117,Gary Lapham,7
41-3389391,Karita Blencoe,6
37-9871328,Cristiano Athy,6
91-5629618,Lilllie Rimington,2
39-5846763,Nariko Tempest,3
83-9477101,Caldwell Mussetti,8
22-1311595,Lorrayne Gleadle,5
78-0175204,Gaby Moyers,9
37-6119050,Judah Daal,5
28-6192903,Gnni Eilles,5
25-4794678,Sigismund Turville,9
86-7091915,Westbrooke Antat,8
29-3609266,Jasmina Izzat,1
33-1856163,Caitlin Skittrall,8
95-5980323,Dewie Ping,7
02-1951746,Martin Joselovitch,9
06-0765265,Luisa Pietz,1
86-8120159,Hagan Fairweather,4
30-5605725,Elayne Rossant,6
15-5829395,Ermina Antoniewski,9
00-9311682,Rosana Petruska,10
92-9524949,Rich Vuittet,5
76-3557703,Cati Linskill,4
41-4428769,Keary Officer,1
53-2427588,Lombard Measor,8
69-1606084,Erinn Argrave,9
89-7256361,Iosep Hullett,2
67-1897380,Jamal Puddephatt,1
58-1049738,Shelba Battison,10
72-5288481,Flori Dictus,10
25-2953480,Valma Faire,3
93-4874018,Benito Thebes,9
82-7242468,Mora Dunstall,1
03-3272970,Cami Stranger,10
93-4337616,Jocelyne Merrisson,3
80-5901790,Aldo Gremain,5
68-7067218,Christy Remmers,7
75-4844219,Amitie Ambrogetti,10
01-4500508,Berthe Almak,1
80-6703344,Marcelo Stannis,2
79-2554905,Emory Kenwell,6
22-8037380,Quinta Brymham,9
92-4366212,Harcourt McNaughton,4
82-4432958,Worthy Muspratt,9
96-8223176,Cobb Neathway,5
60-7584021,Alika Aldham,5
07-5557314,Prentice Dotson,3
89-7001153,Sutherlan Haggeth,9
47-4027074,Cordula McNaught,2
38-1472456,Upton Draysay,5
35-9516400,Kareem Grenfell,5
30-5702591,Lowrance Kielty,4
51-6622751,Jerome Rolingson,2
16-8800383,Shay Winborn,4
02-7965923,Davida Attack,1
24-2273459,Britteny Driver,7
38-5740930,Giraud Legges,6
09-8251488,Sallee Renols,10
10-8198745,Allyn Espinha,9
88-5421363,Riccardo Cuddehy,8
49-7409562,Darlene Chalfont,9
35-0238404,Cam Lesper,7
82-7366293,Ulrikaumeko Heintsch,8
43-2020031,Milton Cosyns,8
24-8931463,Dennison Snarr,4
29-3677768,Rolf MacAllaster,10
38-8400403,Marya Rabbitt,10
44-2123968,Kerr Trafford,6
58-1864437,Manon Hasnip,5
31-0379363,Saidee Brouncker,2
97-4974130,Viviana Grist,3
36-0278412,Jayson Le Estut,3
42-1430276,Devora Houseago,5
07-5993455,Dominic Ferreres,10
34-8350944,Leonelle Ainsley,5
78-7491758,Ceciley Lyburn,2
12-3471584,Arch Shoosmith,2
40-2507787,Bartolemo Sherbrooke,4
57-5494875,Lyndy Espadero,9
16-7182631,Hanson Rounsefell,4
98-2772582,Denys Jobbing,8
48-4800836,Towny Flawn,8
41-9676496,Yves Gerlts,10
12-6493292,Gertrude Geibel,9
31-7749145,Gwyneth MacKnight,9
43-0000203,Hillel Brindley,1
36-2341175,Barnabas Osborne,5
10-5763336,Bat Knock,5
89-3026937,Tawnya Zannotti,2
97-4259771,Delila Lilion,9
17-4101577,Monti Natt,8
37-1776305,Kenton Bennellick,7
25-0239057,Morissa Memory,8
44-0272007,Dulcia Bramley,5
19-7788666,Ainslie Darragh,8
07-6882037,Christoforo Oldred,7
50-1179559,Melinde Turnpenny,1
71-9677109,Heddi Dietmar,2
62-2350279,Jaine Fautly,9
68-5675692,Myrilla Coppens,6
12-8428056,Sophie Capun,8
